,logFC,logCPM,F,PValue,FDR
CD3E,4.610397259401732,8.132056260672908,758.9770447329208,1.2722257066918874e-16,6.562564270352319e-14
GIMAP5,5.275618710783717,8.010078344261096,523.8934892256378,7.212961592218803e-16,2.4992541189574664e-13
NKG7,5.427480799600863,8.135846355613653,447.4371172249289,1.049542186606177e-15,2.9530300614055617e-13
IL32,5.373877599347774,7.938645433168866,437.81682141793675,1.8502153674463365e-15,4.77201380187201e-13
CD2,5.2141728588899285,8.738834735486458,558.3786697469044,2.1072901024392103e-15,4.906123014566551e-13
CD3D,5.078475910947284,9.391334054850867,659.786064358078,2.2192478902724303e-15,4.906123014566551e-13
LEPROTL1,3.4120303993506083,8.69901321658756,680.3639543924734,2.854710081944682e-15,5.890218469079194e-13
CD7,5.293566809603912,8.588565062451828,503.1923283138138,3.3542507946666423e-15,6.488378880933286e-13
AMICA1,5.622711022204655,7.015546929594159,309.89840040961144,4.112328984619597e-15,7.486857769057443e-13
GNLY,4.670921198625783,8.302299160772238,451.04621560591323,5.587029461730837e-15,9.100976938977337e-13
TRAT1,5.027102792955676,8.135475891158025,442.47966468796665,7.118737869581444e-15,1.0491663669692651e-12
IL7R,4.395732053378654,8.537469098470167,525.6378502264906,8.870578572253276e-15,1.2479291218692678e-12
LAT,4.3819956438965475,7.918539367442011,465.9284333674142,9.590419576064646e-15,1.2739101162951673e-12
GIMAP4,5.52414464083513,7.8883694200523635,358.16006195746996,9.8784629373454e-15,1.2739101162951673e-12
GIMAP7,5.462494285826737,9.544746619892331,502.64599269200716,1.1758846833807883e-14,1.4274754323448308e-12
LCK,4.595010550048417,8.149861813461648,435.87345650829644,1.2434359794538818e-14,1.4274754323448308e-12
ANXA1,4.79712736040733,10.238960305640383,546.0109478656119,2.0353112121146235e-14,1.9481749982375195e-12
CD8A,5.08045395633777,6.940902336088371,303.53916868225684,2.077214053048082e-14,1.9481749982375195e-12
GIMAP1,5.240020507228368,7.084993188594355,273.2979101237158,6.756411392497608e-14,5.651646826967593e-12
CAMK4,4.094820359554216,6.589920556980731,287.9508780492267,7.004603380606697e-14,5.705065121836244e-12
TIGIT,5.259872198331171,6.566283105302779,224.89883735097112,8.870176268568416e-14,6.863298887804812e-12
CD247,4.925222703514295,7.1575306504427285,265.77667411232744,1.2966411344548082e-13,9.555010264613408e-12
CD3G,4.932069839804204,7.456036894404984,271.1916617496349,2.367456780761294e-13,1.5928866818383054e-11
FYN,3.9999058485774035,7.776937370625411,342.51079094298103,3.4224447821343383e-13,2.1281456635044826e-11
CD6,4.71322585186727,7.205536902587089,251.13437924426452,3.6944159438484264e-13,2.1988879511944e-11
TMSB4X,1.4289262703189265,14.7454256767258,363.70858721982796,5.497906779694971e-13,3.038575264849274e-11
PTPRC,2.104101825844987,9.400264139111302,362.0250103636588,5.762362123895403e-13,3.074915650595909e-11
ITM2A,3.5672385321068374,8.447826537656896,350.52155791676563,7.705666978293608e-13,3.974839882969786e-11
TMEM173,4.851555808286913,5.950359446628083,191.05620467985887,8.025214234988845e-13,4.0718095175886026e-11
LEF1,4.50466973277775,7.2449816116819346,204.4546790709532,2.3056021167548864e-12,1.0194055073366247e-10
CD5,3.657392224050733,5.888696206588672,186.21746260220505,2.4505789547906497e-12,1.0682453331094452e-10
RARRES3,3.0674316269019313,7.989574946680981,295.35286226110276,2.6598322840261897e-12,1.1247636448039672e-10
FAM105A,4.120104863902758,5.974294822466147,176.9259127146247,2.6793929208811822e-12,1.1247636448039672e-10
PITPNC1,4.2061893095555325,6.341790866914225,184.90991046818243,3.294439162076696e-12,1.343087946854443e-10
GZMM,4.868816099465017,6.30914429762197,178.74910408543286,3.620268540029198e-12,1.4551598871935544e-10
DOK2,3.6086782751786255,6.517170347220592,204.011965361785,4.121306823471043e-12,1.614613242866187e-10
CST7,4.497703262829219,7.433880545729907,192.90843906158523,4.3013301939902755e-12,1.6640771187999878e-10
PRKCQ-AS1,5.068189479942419,6.458586767104463,172.2641393656262,4.548984966379062e-12,1.7381615396226166e-10
SH2D2A,3.8533689424515414,6.778933460719043,200.4558586324009,5.002517469948772e-12,1.8653965746375239e-10
ADTRP,3.683532038302617,6.100185662541578,174.95634517552713,6.745062600531918e-12,2.449355749908902e-10
CD8B,5.4759083441089915,6.9119721372754706,187.60429721043008,6.805964280845413e-12,2.449355749908902e-10
RGCC,2.5044973241051767,9.556077346288106,257.6415796030906,9.226887823185097e-12,3.245138387813395e-10
AQP3,5.63213395924001,5.985153744368978,184.23857205031547,9.597134934424798e-12,3.337430631690421e-10
PASK,3.420097365283058,7.2104850191725465,168.4711000769732,1.1688308997032764e-11,4.0194795939796e-10
CD96,3.4660580523773956,7.193215160213035,224.00726798456466,1.2859304771974916e-11,4.373576732885975e-10
PPP2R5C,2.3275606344741484,7.74326860272048,238.55240819152016,1.701654842641433e-11,5.724588845625256e-10
SLFN5,3.996139715871979,6.9206029222186976,179.31412996787887,2.1196426690387306e-11,6.905572695447233e-10
GRAP2,3.598987952298567,6.124691038651019,168.9266769843884,2.1960436683355205e-11,6.972551616250331e-10
CXCR3,3.418702904796455,6.653349516867197,160.5570828322303,4.1151177404669023e-11,1.1903074211911273e-09
GPR171,7.0052980564941345,6.414583415217543,246.13516992067963,4.279230270899724e-11,1.2263164526328376e-09
TNFRSF25,4.290801806708448,6.006508773563832,141.22894498638584,5.5897460700105575e-11,1.572751280607516e-09
GATA3,4.888347543250337,6.066129079731122,124.05757200362875,6.008487449687824e-11,1.6603811300699837e-09
FYB,3.70062158954637,6.9545874845063596,149.98663166223,6.366598699499257e-11,1.7437719446858585e-09
S1PR4,2.2681041527961487,7.95221574168151,202.3533517022751,6.566218559501093e-11,1.7826707404961301e-09
CITED2,2.4082512742686353,6.8297775733882595,183.52098873650314,1.1181304899976085e-10,2.9080788794475618e-09
PRKCH,3.8257136546288106,6.346779128865228,137.2390194430143,1.290878100395324e-10,3.3293897672696065e-09
TTC39C,2.961897220824657,6.511677072067203,152.69277327615137,1.323558636337572e-10,3.3854660987312273e-09
TSHZ2,4.2110048243601295,6.109270906007912,116.44176768449675,1.3564106634150655e-10,3.441058199401334e-09
NELL2,5.18972468180744,6.348648237723949,130.84514544467967,1.3956106266166957e-10,3.511719422259084e-09
CALM1,1.4094276344472816,9.511035645621948,177.30269720294567,1.7928614643126697e-10,4.47492438068364e-09
CCL5,3.8720702720892084,9.581550046886566,172.74055264190528,1.9571195313933878e-10,4.8458279597300285e-09
TC2N,4.278108134115805,5.714789821026994,109.31970305739806,3.003881123513578e-10,7.263290685370722e-09
LPAR6,4.631521080466587,5.748126866539136,113.66673990224507,3.7075928831288807e-10,8.826923056372219e-09
MGAT4A,3.2546267881226534,6.133451764872472,121.96143696093105,4.2078459267783184e-10,9.86612359346886e-09
GZMB,4.678770095293631,7.820632766559556,119.47185282732954,5.84215905048894e-10,1.3309219423294396e-08
RGS10,1.9401992089522664,8.355058551701028,152.88702498037264,5.848316127845033e-10,1.3309219423294396e-08
CMTM8,4.551194164656431,5.8879859080305685,98.2443298872985,6.365568504350082e-10,1.4380609139389419e-08
RORA,3.3622635945484434,6.58636454045819,126.49213393207746,6.8592860935669e-10,1.536463440910981e-08
PABPC1,1.3587797071404697,11.89995510498013,146.41562157667306,7.956305037073742e-10,1.7341383161791008e-08
SATB1,2.9384735327651526,6.316204879049546,124.58241741412155,9.385189460414594e-10,1.9909712512335444e-08
KLF2,2.190628563112908,7.307442360795298,139.37312448646856,1.0302697979152087e-09,2.151481472844139e-08
SPOCK2,2.1869677258401494,7.943805008271407,140.76459009458148,1.0996784087355819e-09,2.269003116691084e-08
LDHB,1.3014173495737877,9.649014715230992,138.33840833320937,1.2328067923633158e-09,2.5102217252397778e-08
ARHGEF1,1.7847574250931995,7.047055238152616,136.36744983829954,1.3481864572230517e-09,2.717643023714292e-08
HSPA1A,2.6106018838202716,6.958623241340367,134.14784088074867,1.3522359471793245e-09,2.717643023714292e-08
OXNAD1,3.7194962942692964,5.739198463258587,92.30797589578101,1.3931204847504984e-09,2.7817470324534147e-08
RNF125,2.785843548414061,6.193035797034598,112.17648725489649,1.7268352956046403e-09,3.425996948651514e-08
EVI2A,1.5145626795564213,8.107934025741313,128.95949682855866,2.1422182092454535e-09,4.19630718836372e-08
HMGB2,1.4197630279277704,7.977739007317196,127.99740725319039,2.2666019893404186e-09,4.412033432080878e-08
SYTL3,3.0103951852148136,5.859077667918091,100.43872056447483,2.4209726056045488e-09,4.6539814995938374e-08
SH2D1A,5.236952812843729,5.5501427128871965,100.03209217769864,2.708973631792101e-09,5.175477401479353e-08
ARL4C,2.903514476543091,6.472304487390482,113.41511727967216,2.857289174333839e-09,5.4253435549467685e-08
S100A11,1.658741112243243,9.133632494046333,123.32351504557695,2.96733536461472e-09,5.599940825294243e-08
UPP1,2.38165701737448,7.057101981833431,113.7038200329938,4.693579151126814e-09,8.698579324992509e-08
AES,2.0040940077475864,7.639084593162178,112.82312496310219,5.385824809678163e-09,9.805369285855244e-08
YIPF5,1.5564379037348766,7.238040292429469,113.1836957210141,5.796939793264467e-09,1.0492122023481594e-07
DNAJB1,1.9415310296525747,6.823437223493522,111.63867203544105,6.132110413610494e-09,1.103423356402586e-07
TMEM66,1.2894670089518459,10.89630911051811,111.70815977744337,6.240499468072814e-09,1.1164361765136047e-07
EVL,1.5689193353843942,8.103305096399785,111.26141497730292,6.564300695793259e-09,1.1547270722689846e-07
S100A6,1.2191392574279811,9.007121981356455,110.9766900393717,6.566460895616843e-09,1.1547270722689846e-07
SYNE2,1.868652275658281,6.706413380587173,105.26618762310915,9.172350911497708e-09,1.5859455905634306e-07
ITK,4.720663667591357,5.47868778167356,86.84620483719438,9.24849015268123e-09,1.590226501252689e-07
PIK3IP1,1.5243864871691122,8.279440863653285,105.47015690566899,9.744032251750368e-09,1.6570208691850215e-07
RNF166,2.364746886277876,6.198873373963548,96.99340080774726,1.025001419274741e-08,1.7241192351387626e-07
TECR,1.6718798009147982,7.041148311259379,104.87391084095535,1.0351676500208678e-08,1.725709851772456e-07
TCF7,2.3689758371955807,6.320517446354573,91.82640825989391,1.0767758707577363e-08,1.7821504385001038e-07
FLT3LG,3.5623208419115393,5.712345678285781,76.42458838017806,1.1160313568975777e-08,1.8372963029776612e-07
SELL,1.5847282063869081,8.730092642896876,102.52392838051846,1.1907295763834569e-08,1.9498984332840207e-07
HOXB2,2.779343660797721,5.930004651821625,83.64788705230919,1.2699060797660587e-08,2.047062144206225e-07
NGFRAP1,2.8658136562105714,5.9164505473821976,80.98610895086667,1.3959820922316166e-08,2.229539354459744e-07
RCAN3,2.3894552531629167,6.191726910615021,92.24625088121556,1.4077599514035679e-08,2.2343677177405347e-07
NDUFS5,1.134450686636719,8.575572248758851,98.26103891790615,1.6223243036643602e-08,2.548778537990454e-07
PERP,3.608900556886883,5.741870622850821,69.47164119469548,1.6959029242656942e-08,2.650918964950669e-07
SAMHD1,3.559306142095514,5.449091333678333,69.64869846734574,2.04815343867486e-08,3.169517446349346e-07
PIK3R1,2.310541213683132,6.782343719543253,91.96081234198829,2.375590439469099e-08,3.6398279258202283e-07
GLRX,1.7059585976386062,7.009323360819682,90.91889264437687,2.7787004131488654e-08,4.2157244013214407e-07
CLDND1,1.5844355440474667,7.089903815703627,86.03719050587773,4.169923112431895e-08,6.03080001540968e-07
NDFIP1,1.3944559512500052,7.87620058763175,85.82860352039759,4.4203341940360594e-08,6.333765893769261e-07
PBXIP1,1.8303507347422736,7.09711767989562,85.75680410607909,4.489166702940648e-08,6.402751587834703e-07
GMFG,1.2715765226699276,8.454945868581994,85.0942355073125,4.647513866341142e-08,6.568061833938737e-07
FAM118A,2.1590979261640015,6.696404571901696,73.3045153981629,4.76773191074871e-08,6.676982019804189e-07
S100A10,1.6884688305716289,8.701550926166695,83.64210187629115,5.2526944474439366e-08,7.323013204882425e-07
RAB33A,2.7105526139190133,5.509687525225398,65.81748423988034,6.130996887785645e-08,8.433526830087365e-07
FAM177A1,1.5493486328417931,7.764954588360708,80.73874073119156,6.812427367590135e-08,9.288309560657035e-07
DDIT4,1.7616921823440366,8.130629550455433,80.61196644005162,6.905518419218543e-08,9.333004151738599e-07
RHBDD2,2.255396643005657,6.625083158161765,77.08334368894673,7.195825277858631e-08,9.683077928248898e-07
BIN1,1.750669777835209,6.593897240935075,77.77246401870623,7.603643654143708e-08,1.0143653926540852e-06
OCIAD2,1.1568669331669779,8.83648996727918,79.10910492601077,7.816497431933902e-08,1.0382858176753402e-06
CALM3,1.362243868687753,7.531448147523321,79.2415589799312,7.855066108957052e-08,1.0389499832146185e-06
NMRK1,2.4801561409828614,5.514965865531245,66.62478592729003,8.160288008025667e-08,1.074727292971891e-06
BIN2,2.1844851898081523,5.89749222919492,69.47786292545041,9.633535498184141e-08,1.2371698077543534e-06
MCL1,1.1017646696886998,7.76175489587034,76.5511218572479,9.955382414165806e-08,1.2718463308513782e-06
CNOT6L,1.9741869078586696,5.805387334573569,70.86699570341615,9.985740174374311e-08,1.2718463308513782e-06
STMN3,2.4534733935304787,5.689375963179651,64.64871531636236,1.1303209697917001e-07,1.4220908136200456e-06
CCSER2,1.5991176147737787,6.849132648501558,73.2099192729538,1.355625993175102e-07,1.6850049995489722e-06
HCST,2.118214974048579,6.131829089358998,67.16512403618542,1.3919664295232406e-07,1.723254439749772e-06
DYNLT1,1.2450857735450858,7.364005717026464,72.41573588003023,1.4739710040702561e-07,1.8175060787240808e-06
IKZF1,2.008021817416422,6.159975396384202,66.25151057103182,1.5336683759509855e-07,1.8761674401455732e-06
NUCB2,2.2172801198154644,6.515441631446614,64.8023923205971,1.6085196524955033e-07,1.9599875293203083e-06
ETHE1,2.2123101547619064,5.931277057825033,65.66388382954439,1.7488744032715682e-07,2.114361827392775e-06
ARHGDIB,0.8720629743859906,10.439501258154976,69.8487110221896,1.8746859731988847e-07,2.2488965453684295e-06
EML4,1.7046934032021321,7.155580030727584,68.7201940444701,2.1207615675860401e-07,2.4862716104843914e-06
KLF3,1.7905235454357398,6.403380212881057,64.17039652663145,2.3303964085642857e-07,2.721727126228855e-06
LGALS8,2.4741902139071015,5.516051450119368,58.35398570398013,2.485073671762195e-07,2.8806378329977506e-06
TNFAIP3,2.03742297549101,6.364869358564214,62.92716402772349,2.647573290688343e-07,3.0461856262752496e-06
GABARAPL1,1.718029752458708,6.44697201623686,66.2161841310455,2.670677188976854e-07,3.0613873703271717e-06
SRGN,0.985439502620462,10.429414641720768,65.9588077571109,2.78917058459904e-07,3.173706970343393e-06
C6orf48,1.0189021214024165,8.559850215432478,65.21332831943056,3.025007879689722e-07,3.404508868232614e-06
SETD2,1.7716311892326035,6.58736520145348,64.27124868656858,3.412838301715414e-07,3.8132615681621686e-06
SUN2,2.292146609067537,5.6814748788590475,54.18864187458354,3.4768575495846433e-07,3.870818027325349e-06
PIM1,1.3726316386836588,7.39364227085863,61.45985757505921,4.619932411191066e-07,5.052540923193056e-06
CTA-29F11.1,2.2490835818828883,5.476086796011876,54.58419562468154,5.198541977545603e-07,5.60765745181498e-06
SH3BGRL3,0.7781606246866707,10.359798747546504,60.21292904573901,5.199992532054602e-07,5.60765745181498e-06
SFXN1,1.7896442328711322,6.004109474147714,55.13053373580685,5.32671335978526e-07,5.72436730851923e-06
UQCRB,0.8405534453999797,8.487660203351576,59.60047373694343,5.581025790502996e-07,5.9758770343315695e-06
ANXA2R,1.6913552109878487,6.795744224739514,57.176778708296155,5.97260940731316e-07,6.352311379943035e-06
ITGB1,2.1515922195505985,5.50152696015677,52.62013910608833,6.009180702059301e-07,6.36931995646354e-06
PTTG1IP,1.7868263739889534,5.6418394561439085,54.858827886244164,6.973536434323229e-07,7.3163034794001335e-06
ASF1A,1.6757723312403254,7.158487778506008,56.59137058096465,7.718103608317659e-07,7.989140691552895e-06
GIMAP2,2.631972366118215,6.647756866125805,52.32898847275425,8.28142949839084e-07,8.48709413825154e-06
ITM2B,0.9022079670791527,9.650207503843239,55.198131283867056,9.321334210634962e-07,9.420461917768595e-06
PDE3B,1.939296016427954,5.517220010870159,47.61049142993958,1.1393294375852004e-06,1.119436383913078e-05
TXNIP,1.0466476040899892,7.35220664687598,52.70947644522097,1.2811834586190187e-06,1.2508715471374962e-05
DCTN6,1.5649869902339493,6.314367528704564,51.821583572342504,1.3073914935988145e-06,1.272445494556079e-05
HMHA1,1.59424002374241,6.461762563267942,50.22609077213961,1.433389145922307e-06,1.3820371983269597e-05
PLAC8,1.5917713467475958,7.092438473170175,50.63311733859336,1.6543116988902283e-06,1.5851686402678814e-05
TIMP1,1.1728368579955624,7.696247371431098,50.19149393349761,1.7547421567136733e-06,1.671054453855021e-05
CD44,0.8971250373492141,9.173474156298276,50.08841996484646,1.7654879081065312e-06,1.6761303912851883e-05
CCDC109B,1.009678372027323,8.271848334347427,49.89020811494794,1.8140822090117743e-06,1.71699829874356e-05
FAM102A,2.227800141347686,5.5252538972859035,44.6650064485539,2.017044628186502e-06,1.8974933508319827e-05
CLK1,1.296821326656413,6.864038717482217,48.75448376173903,2.0836332677094514e-06,1.948291529776662e-05
IQGAP2,2.098697730553849,5.759809195315414,44.083106287589686,2.44326678682609e-06,2.2505686622698655e-05
ARRB2,1.1607819229185963,6.531632812152105,46.53315081016752,2.6789562818870733e-06,2.445831767681561e-05
TSC22D3,0.889369016934331,8.685633149925208,46.48594350067529,2.8575850250342605e-06,2.601242838965011e-05
CCDC66,1.8827310698741437,5.592445900508757,42.33433276434953,3.1895966129790815e-06,2.8864916716872097e-05
CTNNAL1,1.8646802701377165,5.432783857089786,41.69847235206995,3.2405527096685396e-06,2.9240555791323996e-05
YPEL5,0.9021910756857535,8.254414307754873,45.35785568467748,3.3444012549919317e-06,3.0002672128116024e-05
STK17B,1.5706149136870116,5.70985802363085,42.639411044390656,3.5887913170136283e-06,3.191755496022178e-05
RBL2,1.3324414064025454,6.184527228061708,43.272514352400414,3.7114756909329056e-06,3.2914089580049694e-05
PNRC1,0.8084181688629569,7.802207482818551,44.54737723309719,3.7523087294077382e-06,3.318113005004843e-05
PDCD4,0.9487638949073844,7.983349938471094,44.45411689053085,3.8064058468928226e-06,3.346825595492411e-05
GADD45B,0.9574501261397207,7.8792270092636985,44.341664203268856,3.87197595797334e-06,3.394834444738665e-05
CD52,0.8785363742470385,9.185986743982713,44.28033524369914,3.8884289428819655e-06,3.399629259384091e-05
BIRC2,1.672796395485274,6.556940933531269,41.61185725327355,3.968703803795826e-06,3.4503197395359774e-05
TBCD,2.1154658980816294,5.568431690186235,39.99414438632675,4.017499883098068e-06,3.482958582125636e-05
APBB1IP,1.2538236275724635,6.656514625250426,43.8748352754468,4.064354417432998e-06,3.512996832151834e-05
ADD3,1.3875333649498773,6.213282542893975,42.59595720344773,4.223772049149293e-06,3.631270692254739e-05
SUB1,0.7984129675378416,8.658831143441768,43.60164513339411,4.285074628693589e-06,3.6737689683674955e-05
BPGM,1.838303068719701,5.853336855139324,41.18952544744045,4.396892940243738e-06,3.7592220027774505e-05
SNHG12,1.6401426133114299,5.503516349458047,40.20662241680622,4.429355368759982e-06,3.776544040306376e-05
CACYBP,0.8868671439821848,8.457388500693916,43.18343947086735,4.558304268226798e-06,3.875810909385149e-05
KLF6,0.9845149481780864,7.71895741062278,42.84103946767583,4.817450269351286e-06,4.084933858532118e-05
CUTA,0.8270600739444822,8.087419828844089,42.651695286918944,4.9316463122282e-06,4.147675363137576e-05
ETS1,1.7554064859257623,5.72248259008082,40.1595534305801,4.981510815442681e-06,4.1782590714891865e-05
ANKH,1.352554681593084,5.997664329291172,42.0427209052579,5.223830847577279e-06,4.3696639116896426e-05
CMTM3,1.8704745768343365,5.9017645934035885,40.86226023031749,5.435474254714214e-06,4.495167055278473e-05
GYPC,1.201191081908099,6.899531309506173,42.05360710003165,5.446486739028844e-06,4.495167055278473e-05
DYNLT3,1.1746100505607273,6.69476808409747,42.0204758788135,5.499165369914526e-06,4.525975051654648e-05
SOD1,0.6901814481484494,9.38116714523792,41.87243872037703,5.513061694584176e-06,4.525975051654648e-05
ITGB7,1.8049806723980537,5.957481777563256,38.45986139115606,6.073294078649991e-06,4.959589755520243e-05
OPTN,1.9751330538122427,5.820590215478557,38.1317861701318,7.33070159467663e-06,5.950133550510744e-05
SEPW1,1.0350196652063932,7.010016294314087,40.02686791728152,7.3631701125868e-06,5.950133550510744e-05
APMAP,1.1316651359822576,6.736654846061415,39.32783755627173,7.488114140647151e-06,6.0353419961726395e-05
IFNAR2,1.7116551315982014,5.5181815702986885,37.248958895439664,7.555156679542402e-06,6.0735610190087626e-05
LTB,1.017067142664642,9.92278365145823,39.68290493497393,7.675752809592164e-06,6.154522006654857e-05
RASSF5,0.9016564303277311,7.151605914686006,39.27330228779635,8.263122767786075e-06,6.574386880796376e-05
RPS14,0.5435685806774617,13.023884310108345,39.136167378583714,8.35214965791156e-06,6.628180305445201e-05
LITAF,0.9874029913421896,8.194468183245151,38.887689497683816,8.696132976200437e-06,6.843724110609766e-05
RBMS1,1.5820750442682978,6.047251121074604,37.889420847698204,9.34419255765602e-06,7.23220293585403e-05
ZFP36L2,0.6992928656325504,9.559885140185594,38.419647396050046,9.346950482525402e-06,7.23220293585403e-05
ZFAND2A,1.5712725106448697,6.12576089181031,37.942803061394,9.698510625221543e-06,7.485508824204658e-05
ARHGAP15,1.940193671120221,6.187329972295839,36.522457761454184,1.0498048637249847e-05,8.04244072581393e-05
CCNG1,1.1673487770267321,6.903146289580003,37.66493467194348,1.053758840771847e-05,8.052799042441645e-05
TNFSF10,1.842773542791014,5.5772789310982045,34.61126178710861,1.1127968447568855e-05,8.462177480399412e-05
CDC42SE2,0.867072995634493,7.520585430511231,37.357799441200754,1.1161241092173993e-05,8.466676759872184e-05
DENND2D,1.3969685865352517,6.292159533241973,37.068360171844105,1.156259830922204e-05,8.728351650498101e-05
CYSLTR1,1.4554608003850045,5.731174599445523,34.85570068684922,1.1827437189562317e-05,8.906549416470892e-05
RPL31,0.5452725911313607,11.843565735035288,36.571740200722694,1.257280801159745e-05,9.411317694381875e-05
IVNS1ABP,1.449578077381073,6.431506733308772,36.662641215390316,1.2588967772129552e-05,9.411317694381875e-05
ERP29,0.678892533907669,8.642278337878746,36.46510090731388,1.2804568437790412e-05,9.526475796865702e-05
PRMT2,1.5274529572117908,7.385122882061461,36.316673332133,1.2913734049173948e-05,9.584653928583542e-05
RWDD1,0.816234002858982,7.734984673035181,36.33163114711377,1.3154440996254491e-05,9.716705222770321e-05
SSR2,0.7652644261569815,8.612132648161364,35.90502310940367,1.40379983014983e-05,0.00010320096138512409
VIM,0.7323118049901113,10.172528261472836,35.75684223899226,1.4379709650820576e-05,0.00010546256248646844
BTN3A2,1.236496323421635,6.678143198275443,35.00309359917326,1.612125093810056e-05,0.00011740063918452055
RNF149,0.863683975786493,6.973005744728561,34.93419622422995,1.6660286742850455e-05,0.00012081041968527844
SCML1,2.4705194657380796,5.270769804421555,32.68707920018756,1.6697527336513994e-05,0.00012081041968527844
CLEC2B,1.1022338621719967,7.36351975356499,34.88058366734714,1.672901843224055e-05,0.00012081041968527844
CASP8,1.1993585922741936,5.988026318132958,34.322817501553686,1.787233531110692e-05,0.0001274536354559353
DNAJC1,1.1878719756842204,6.945446165139066,34.51632962865835,1.7951613757337764e-05,0.0001277247001815181
RASAL3,1.2552902435823794,6.354593314803935,34.061932681278584,1.8126784802272477e-05,0.00012867522697943421
C9orf78,0.7261096917985326,7.803537918624978,33.8977308892815,1.9752234749099506e-05,0.00013925550466620267
H3F3B,0.6141456915149721,11.77650472339224,33.2686841097575,2.1957899831141934e-05,0.0001527184269154703
DEF6,1.3925501585537796,6.048083352949863,32.654492229811545,2.22186666615821e-05,0.00015418559039819863
FXYD5,0.8115688669165558,9.68662279370194,33.03149082193839,2.2892111996128233e-05,0.0001581456421779633
CDC42SE1,1.0594706229078787,6.5625306873498825,32.90004912288694,2.3145276849958438e-05,0.00015848369878456055
JMJD6,1.1422748362423483,6.030087341456025,32.465353956636356,2.332378316882115e-05,0.0001593534412969127
ID2,2.127203430008045,7.045630374166587,32.92705653988704,2.3505844597376222e-05,0.0001602435881693379
ABLIM1,1.4634934399535728,6.061854421595364,32.37708770705918,2.3850966550498862e-05,0.00016223899225009664
KIF2A,1.2858110036674215,6.28698189519283,32.525193592881195,2.4023984120171422e-05,0.0001630575237980933
VAMP5,1.1781983697592622,5.98815873339642,31.570352067786537,2.4210766061167992e-05,0.00016396569137705675
RAC2,0.9181820096339147,7.341939133266721,32.59796420558231,2.4953879868128246e-05,0.00016862938469837757
BAZ1A,0.7315610383699978,7.583216555728487,32.53886208597526,2.5119855772512652e-05,0.0001693811625619317
LIMS1,1.3197935880942662,6.501928277143893,32.446711464381266,2.565638533591784e-05,0.0001722484004656523
CD27,1.482141878705849,7.246590479722609,32.2673788124934,2.5881640162636474e-05,0.0001733845807432032
ILF3-AS1,1.6941684252214884,5.867093297510823,31.106083824459834,2.6294010987353564e-05,0.00017576666091978244
C1orf63,0.718036546579317,7.933787749603464,32.243063165979194,2.6366415175836623e-05,0.00017587080812330678
SIT1,1.712524033234574,5.399505671266539,28.8167596342043,2.858212546029206e-05,0.00018942543533105764
CELF2,1.3351112282237563,6.137589192308626,30.407536856046782,3.261300091898668e-05,0.00021249944809318693
DSTN,0.8892233966237928,6.832307311522429,31.030637990675107,3.2855541100633616e-05,0.00021363004140012823
PPP1R18,1.147212319152269,5.922319671429239,30.35761146880239,3.2953839834700455e-05,0.00021381998802599145
ATP5L,0.5295201656260518,9.40708781324104,30.88404565469437,3.364743057579883e-05,0.0002174087633237941
GOLGA7,1.1135586140095264,6.6904346315212475,30.4704990642467,3.58337936649395e-05,0.00023009458795225676
NSMCE1,0.9498465500052389,7.621486196703986,30.49637084302739,3.6329979997503575e-05,0.00023279769791360988
EMB,1.0229915989508307,6.450530403345349,30.139097118816906,3.864937341781812e-05,0.00024562589471898783
TPT1,0.5320823910094957,11.511990968887568,30.09442101676466,3.893434804459725e-05,0.00024642496359515026
MFNG,0.9397516919045277,6.501852882437204,29.87701604934961,3.946097981171961e-05,0.0002483099206349962
H2AFV,0.8122385847863273,8.408928662771702,30.02567949974637,3.947285329641942e-05,0.0002483099206349962
TBCC,0.6846628578056895,7.459216022261647,29.877278118080206,4.075510297066623e-05,0.0002553381451299838
C12orf57,0.9947701714769531,7.022548795260754,29.75195166798483,4.184955865994968e-05,0.00026166542232837226
RNF11,1.31219688844493,5.588103857830441,28.4080472229194,4.221309045181922e-05,0.00026287628762249597
SELM,1.4788610209206534,5.971763240240039,28.324465561190188,4.2955687656746254e-05,0.0002664285637227047
CYTH1,0.971200256225448,6.593079591224226,29.475947039353258,4.4157405405622624e-05,0.00027278876193693015
MAGED2,0.7339772478011966,7.976064374288699,29.31457489437273,4.520258626448003e-05,0.00027868925196925437
PRDX2,0.7758520049558254,7.139502495158554,28.73690581655116,5.07050481416635e-05,0.00031014253754634095
CNIH4,0.8847573609407408,6.571863191660572,28.491176757181858,5.144862491220982e-05,0.00031407000809327297
HIST1H2AC,1.0532633692903246,7.783010039089912,28.589142623099363,5.204470820813293e-05,0.0003165888164763949
UBAC2,1.1880004884262139,6.360815867184395,28.544370501628798,5.206581828319386e-05,0.0003165888164763949
DDX24,0.642839296601204,7.883091411502558,28.514852880980754,5.2688921516393305e-05,0.0003194343475185612
RPL36A,0.5438012856613014,9.55322625827395,28.48646956733618,5.286025905028359e-05,0.0003194343475185612
ARL6IP5,0.6965826568510617,8.203995260363708,28.331720009765416,5.4531869533265754e-05,0.0003277206528261311
PTGER4,1.2962166385003888,6.694735448926212,28.23603204042973,5.6044281640847756e-05,0.0003361570768961702
AP3M2,1.566241189645627,5.566562139572042,27.586279433727494,5.665163712671926e-05,0.00033914277931759403
GCC2,0.6538554275109814,7.647551680781873,28.002287248498117,5.8296970333506686e-05,0.00034631309631900806
CD46,1.0655949008290966,6.05917588016559,27.392130448706233,5.9601177459280534e-05,0.0003533824602231288
ICAM2,0.9664659005007876,7.231446499577588,27.611158383301117,6.324717951397543e-05,0.0003721483281288098
RGS1,1.2360331156593427,7.604904585889385,27.43878745714935,6.52427731413624e-05,0.00038171338917299927
TMA7,0.560476532738391,8.864408709899886,26.85043151652425,7.301969001682234e-05,0.0004200668040930579
HSPB1,1.0236932677396942,7.954457957457051,26.350568105750362,8.094193190831013e-05,0.00046391718380781456
GTPBP8,1.4122427426737758,5.718905393258692,25.422608570162883,8.297029392002586e-05,0.0004746636962707579
SMC4,1.0013143301737086,6.432352475723574,26.15727047964498,8.37180622827886e-05,0.0004771775373208669
RPS15A,0.4933157041600389,12.046176776853446,26.066024193250037,8.557594460022068e-05,0.0004859771532801523
SH3YL1,1.4272413284411831,5.508932476908933,24.51664144555656,8.859996022006698e-05,0.0005003957607319476
NOSIP,0.7765753265197693,7.620382123499516,25.90277330063825,8.896842033298668e-05,0.0005006495653283523
TNFRSF4,1.67806244092514,6.0592242199281,25.04666163966669,9.158323759095434e-05,0.0005134965948260937
RAP1A,0.6331204597721419,7.669297504378817,25.729673866841704,9.196739294886509e-05,0.0005147180491441907
SEPT6,0.7820179769992334,7.729452309110793,25.680181721840203,9.290959932252157e-05,0.0005181174953210887
OST4,0.5069013507909969,8.99530106629841,25.52880507854523,9.563063271213342e-05,0.0005294755066977692
SAMSN1,0.9317772440659058,8.222773986923809,25.311806791706125,0.00010011817327122096,0.0005513625378548556
MRFAP1L1,1.1450048638450823,5.610212948240628,24.947828610817503,0.00010132218798291221,0.0005570020813625458
ISCA1,1.0109448452046548,6.215381142888446,25.083660437562845,0.00010601638807980684,0.0005807446391274375
C12orf75,1.290798901490867,6.205952518223366,24.84035433623195,0.00010635774077555162,0.0005815851726154279
HLA-A,0.3939036684246615,12.057686852124409,24.9162476628415,0.00010867319694957031,0.0005931984912855734
NIPAL3,1.6235255984071721,5.393353359216469,23.676883342341835,0.00010946674253782173,0.0005964781129481659
THYN1,0.6941505393859225,6.905266571601198,24.59293819525447,0.00011706218665687963,0.0006334046638165078
CRBN,0.8336785503576404,7.022010591657745,24.566166428442397,0.00011785411606816857,0.0006365767700366174
MOAP1,1.177809874583998,5.5977858687044435,23.849638718074964,0.0001269885247075651,0.0006847203553482821
MRFAP1,0.7248426553978745,7.414491841995008,24.17214954324226,0.00012798595450592742,0.0006888983116449484
ZFAND1,1.5587986133921425,5.413042517067931,22.912171226898582,0.00012933133677568603,0.0006937270144207076
BLOC1S4,0.7373670685973662,7.157494908723833,24.040413820768386,0.00013156313491477433,0.0007044773400713261
CAPN2,0.8766683695915315,6.177149579671175,23.815129609665213,0.00013547720027810023,0.0007216900772129436
NAP1L4,1.090177748388298,6.461960489919595,23.794881729996188,0.00013905594306807994,0.0007393118989402268
RPS3,0.41762071648099847,13.079242270677272,23.617783952131465,0.00014353659276634294,0.0007593944523279169
CNBP,0.4982685484663961,9.242619137713152,23.493089144951952,0.00014753057507764527,0.0007791930543776657
ZFP36,0.7106311941210641,9.035223287051512,23.44036204037349,0.00014923991917359193,0.0007856620373158753
SPSB3,0.7521477147503067,6.746978627613853,23.454144006952873,0.0001498919623780532,0.0007876326376232167
RNF213,1.0450467603037592,6.005221471578354,22.221436622582022,0.000159082502550611,0.0008302872603611147
RPL36,0.444747125368654,10.739171112835947,22.917166429734515,0.00016744765211832317,0.0008680912618194476
SERINC3,1.0332619338170503,6.234040438491794,22.891216209649368,0.00016986531062202287,0.0008791524019651518
S1PR1,1.3826064207050413,5.569449480205789,22.517624118046182,0.00017111169275017092,0.0008826511484362983
GAPDH,0.6430199016961342,10.370373802344304,22.7201968889929,0.00017495153798952967,0.0009009567555367626
PPT1,0.9388752169888552,6.477318153900875,22.598827357163312,0.00017660617978183785,0.0009079669874165916
ITGA4,1.1074260980708108,6.0231435881649595,22.242921126563708,0.00018038454731155037,0.0009243214800153119
FAM200B,1.2864635957594954,5.393706432684082,21.608433790634116,0.00018599656999903765,0.0009515031142925975
MAX,0.6727029485297792,7.104697502098813,22.376394427940586,0.00018994891854093426,0.0009701186516240785
CCDC104,0.9253628990169575,6.199774707115599,22.35215642153203,0.0001922112244325526,0.0009784436506887339
DCTN3,0.8435041103265942,6.568657766604511,22.161630782900794,0.00019522402035513842,0.0009910272311635063
CAMLG,0.709861750991883,7.1369455287723635,22.25405287121641,0.00019532362229716924,0.0009910272311635063
SYAP1,0.9106217491611022,6.679018338240699,22.174183003935973,0.0001987049758993176,0.0010062587621368251
PLK3,1.5816202817505896,5.685469076287314,21.347706040652568,0.0001989758844677664,0.0010062587621368251
ZFAS1,0.5217095163940827,8.5494989264969,22.133618612022655,0.00019968404466843152,0.0010073945172455903
TMEM59,0.46999729025967213,8.925248329839446,21.984792439246927,0.00020652375885630146,0.001035966018898303
WDR45,0.8690418553092347,6.063624898972028,21.874627480289288,0.0002076164276990856,0.0010397618830561002
PPP1R2,0.5831501955265522,7.863236243392953,21.937218056977233,0.00020904102709256973,0.0010439352691064207
USP3,0.852585956165756,6.2503839537248655,21.949365206045897,0.00020912435116186777,0.0010439352691064207
CDKN1B,1.3168264242288614,5.999492598888803,21.441890790080443,0.00022699926781866487,0.0011277090431761922
SIGIRR,1.180757044789489,5.807558427330941,21.105580064034733,0.0002367154077983083,0.0011722146994172227
SON,0.5794387234435194,8.160413804981953,21.269685651181536,0.00024358379697320275,0.0011996340627810625
FAM32A,0.7986321776815907,6.461088276003868,21.289682517323136,0.00024368960064033882,0.0011996340627810625
PLIN2,0.9429075230146092,6.426306738700351,21.289945011705043,0.0002440281740936514,0.0011996340627810625
MRP63,0.7301547241479616,7.5119270490901755,21.234015098020844,0.0002461724188964116,0.0012035217000259735
FAM65B,0.7497767306481091,6.44544763215301,21.175225349250628,0.0002497292491183147,0.0012152704811653836
IK,0.6165595164536171,7.098143747978165,20.982582825918584,0.0002614650227791073,0.0012644285085958394
CHIC2,0.7776308827558744,6.353367968221554,20.623503875582237,0.00027979078625023536,0.001344646713423103
GSTO1,0.6780567279061098,7.776355385263256,20.52186718393051,0.00029035434466142233,0.0013889438898409615
TOMM20,0.6705176712441911,6.732143101799347,20.41151432101234,0.0002987794067042591,0.0014270405304779039
NR3C1,0.6129876979943288,8.043753863984382,20.357262598478954,0.0003018324342506472,0.0014349790844942441
CDC42EP3,1.4985787798753825,5.504832197526553,19.70318872818807,0.0003078250700835067,0.0014612248342154193
HNRNPUL1,0.995278985234738,5.993895523606227,20.24350258351713,0.00031037827398642685,0.001468839079492341
PNMA1,1.0344288506145047,5.601691000168054,20.012387793915124,0.00031507083001789196,0.001484237776111683
SLC25A26,1.227134224578923,5.401498800013348,19.973040946320097,0.0003186179054049396,0.001498666287580985
RPS12,0.40510269207518973,12.182679804202266,20.088972594064682,0.0003214900015757327,0.0015098809633943746
CYLD,0.7862457148160554,6.767983813379047,20.08481117003265,0.00032408518918754795,0.0015197631220234256
RPL34,0.42461953157837024,12.64931698428469,20.012361887064912,0.00032745818953274126,0.0015309412335405349
C9orf156,1.3248140202933614,5.732284799142745,19.245106246800162,0.0003351335345644485,0.0015644619750783836
ATP5H,0.5195728342611612,7.976221573880036,19.814438084558837,0.00034400463940521256,0.0015962434167303343
RPL36AL,0.4059292621949385,10.220372330430097,19.786004832643606,0.00034584627074748305,0.0016023865388674553
SLC2A3,0.7604376396889042,6.517603723659052,19.781161504218947,0.00034959523433549964,0.0016173352021948751
TMSB10,0.5261978408981446,10.464494915851915,19.538181656226318,0.0003672989809296036,0.0016916523005611952
CNN2,1.3174237668125452,5.901503223952206,19.09675392683598,0.00036812341777174275,0.0016929301307630664
LETMD1,1.3862183164437742,5.681076502683682,18.3600359618408,0.0004252216996675276,0.0019468360361997012
SEPT1,0.7192338596703495,6.97456482157743,18.9022736566935,0.00043162740049992995,0.0019703345199812436
GCHFR,1.2341334889960194,6.211530015360889,18.45754083504406,0.0004779701147143605,0.0021754669191778615
CCND3,1.1057548569963604,6.046608393547101,18.04045401334343,0.0004916711903453778,0.002222504421503566
RSRC2,0.5805430419972857,7.348600769208294,18.370429783374433,0.0004918951627560397,0.002222504421503566
NDNL2,0.611061504032115,7.104138196286882,18.328417868416057,0.0004980778648882444,0.0022438879065926004
VAMP2,0.48784400311076975,8.351544905427323,17.9571283357363,0.0005452001806070656,0.0024174707148694385
HAGH,0.7736874281943761,6.299896434362571,17.900849254214055,0.0005478319668189986,0.0024256651463587992
RPL14,0.3529582655957895,11.815370332765289,17.83834699820837,0.0005617844491090155,0.002480346462186024
SNHG7,0.6557910828061878,7.321177945477656,17.77413039573616,0.0005726383649784417,0.002517493948307212
COQ10B,0.9702465015357151,6.117680718550628,17.646073498697774,0.0005809797246764099,0.002546929529565848
MAP7D1,1.1691045329482075,5.681761573898231,17.324433467302402,0.0005899411566381947,0.0025825571142789427
SNHG8,0.6468023346786178,7.672561857841613,17.48384877365926,0.0006164696220480407,0.0026872865918854735
STAT3,0.6205923466519648,6.712607848239783,17.436523822588548,0.0006212116109559964,0.0027041489956523327
CCDC28A,0.9405660654508324,6.373712017293258,17.341135295890385,0.0006307970126597993,0.002742017913177077
NUDT16L1,0.9127639184305683,5.9277942357629865,17.023387190059736,0.0006412112318418228,0.0027794800595944556
TERF2IP,0.5755966243166017,7.585616242912964,17.247395213915635,0.000655771723117265,0.002829336556308504
ABRACL,0.7934845988813239,6.936657127556905,17.220408753028313,0.0006618054293522405,0.002848800839840312
MSL3,0.8162132786937991,6.725568424201976,17.04129553808457,0.000692818569196367,0.002961703690141928
DNMT1,1.1465652074837598,5.43474521925382,16.42474660903849,0.0007069635658938595,0.003013846055704539
BTG1,0.36541149028757347,11.446713275296009,16.896565380700075,0.0007178683734454131,0.003051926670073563
TMEM50B,0.7527458235971085,6.052557504824252,16.81954005118467,0.0007340906798156648,0.0031123433616842226
RPL35A,0.3833879084343696,11.777520108817198,16.804597055067976,0.0007355494446931219,0.0031142620127567883
MYL12B,0.41675269209489235,9.907707022226266,16.7885440135872,0.0007387143560042504,0.00312338925113819
LENG1,0.7673381484214684,5.978373916298779,16.438776319875434,0.0007579211117449058,0.003200226249454957
MMP24-AS1,1.1651258924114716,5.612970337200209,16.56333910272868,0.0007625131517565107,0.003213627056475994
ARID5A,0.6473084322344892,7.750765898824318,16.673226286095776,0.0007631715303747515,0.003213627056475994
RAP1B,0.6737036037895268,7.011372049210692,16.66440817507906,0.0007666002272759638,0.003223678944862918
SOCS1,0.5181453069531374,7.706553730073502,16.472775464570695,0.0008043844421571653,0.003375107094230949
CHURC1,0.7170565582392389,6.973957624522608,16.466780003432703,0.0008049199268635902,0.003375107094230949
CDC37L1,1.1174309116277814,5.796759437313406,16.353806009858264,0.0008058817908357581,0.003375107094230949
TSPYL2,1.0714174361116318,5.4825887436552065,16.114797290966756,0.0008543711116869369,0.0035446093708727472
MZT2A,0.7074174517095253,7.021575599096433,16.23914540938992,0.0008586240074953892,0.003557485010974872
HMGXB4,0.9700193048242732,5.326019133878636,15.961650976049004,0.0008606647217431817,0.0035611728794052774
GPCPD1,1.2418180878341256,5.456430690022884,15.8441770602067,0.0008746405549278238,0.0036045439647158658
LYAR,0.847183998782394,6.689539591131609,16.125276139133188,0.0008828836221672745,0.0036288510101032067
ZNF655,0.8444152956385864,6.176416367776515,16.067146839307902,0.000898286283606962,0.0036872626628163757
RPS4X,0.3408072681670008,13.289631698491347,16.00467863717317,0.0009117373016683287,0.003732575328919944
FTH1,0.45033364533352344,14.876959321466419,15.945431670753885,0.0009265621749433387,0.003778273954479095
ARID4A,0.9176119146678616,5.668199938694262,15.748444007652807,0.0009380752319786306,0.003810161211251787
C9orf89,1.3146217609275277,5.857869473263092,15.520148029981696,0.0009783479861083762,0.003932450671435616
KDSR,0.9910185901864645,5.440312208562141,15.548930456020885,0.0009861578911610537,0.003958701262183477
USP47,1.0133715500738447,6.231683595155192,15.583000242333888,0.0010186614083792303,0.004062831261512523
MRPL49,1.0286284460783046,5.953767077447065,15.443667482409495,0.0010351223269667643,0.004117870953678837
ARF4,0.6002771729006969,6.927474264697269,15.534632932744026,0.0010410571369459407,0.00413616410635133
RALA,0.7025020317165945,7.375958846112575,15.250961630160141,0.0011255638010698448,0.004426454846646975
RPL22,0.4964998311503559,8.905362958421264,15.172621335480951,0.001147115319492629,0.0045054846622204145
MRPL41,0.6258399067442335,7.1959044870542135,14.950392540648972,0.0012239990526568163,0.004789225117538365
KAT6A,1.216195444124577,5.355260937655177,14.40898374213798,0.0012489419039005594,0.004856124613784211
SAT2,0.8206812859530501,6.118868981099609,14.82090906750421,0.0012743877570557567,0.0049488458068852785
LBH,0.6654921955557316,7.585714994441801,14.789724581398396,0.0012812770685512662,0.004969364069130538
RPL24,0.3607646709803526,10.941561160814615,14.662755842792423,0.0013243486740068362,0.005117177460738025
SBDS,0.6070307496174946,7.171602501573834,14.665009576267229,0.001327534437847123,0.005123091128599558
ARHGAP30,0.8255761384839758,5.995757800700425,14.547644066465837,0.0013589128577454377,0.005231138426271305
TBC1D10C,0.7535582080792221,6.719130699730167,14.43129490276792,0.0014139511045934226,0.005422774062845902
ATP6AP2,0.4844217922153536,7.88328225917657,14.409165034942774,0.001424719919721747,0.005437124724462154
ZC3HAV1,0.9346900085301996,5.843746972964578,14.269928025043606,0.0014553865404112528,0.005540493656301141
MECP2,1.0034701200717862,5.76397333715252,14.318338790745196,0.001458051385284675,0.005543819456334237
KRAS,0.686323908855358,7.247762161112881,14.239246573963898,0.0015000982058091987,0.005689710719337586
MALAT1,0.24135074474666282,16.239724324707186,14.214134704328751,0.0015062165871787948,0.005705924525481481
HSPH1,0.6737544312879579,7.005402075582961,13.97282156810053,0.0016096603921401458,0.006060704274542276
ATM,0.7500515584790654,6.167943758245415,13.805742867981014,0.0016734164209795692,0.006277847058099111
CHST12,1.220267665861244,6.2376638792425,13.719919059168136,0.0016843454648250208,0.006311197595197869
EPB41,0.8513343371467559,5.8369734109198355,13.63942325516106,0.0017564035313010209,0.006549480637803205
RHOH,0.4545757499226289,8.249445588228093,13.67500076228156,0.001764247487867213,0.0065653346868877124
TAX1BP1,0.49534446129200105,7.650879367141646,13.639031011039847,0.0017840178842818315,0.0066284938197506225
ZNF394,0.8721224649335589,5.9823033602893565,13.450549442300566,0.0018795402943174902,0.006946757410723014
LINC00667,0.8433818385667341,5.751962533641202,13.431660599277437,0.0018803615750554608,0.006946757410723014
SNAPC5,0.745369521095935,6.028960690055983,13.444251741577169,0.0018827548688659817,0.006946757410723014
BCAS2,0.5689104911233791,7.364779853852939,13.459053089396642,0.0018831436082703097,0.006946757410723014
DNAJC9,0.7115606266087606,6.160334279075985,13.426343528440816,0.0018919130626912021,0.006970798725034846
SERINC1,0.9712178611534789,5.6148675680303315,13.357213612183115,0.0019192991500219347,0.0070465372115277435
SVIP,0.6315602306188458,6.761154630881747,13.269214249691359,0.001993558830451037,0.0072924350586462796
NCK1,0.7323071806329958,6.10641607844591,13.16040499156787,0.0020305018846083884,0.0074108529868667
WIPF1,0.6921879906834882,6.939963022108802,13.159402917580183,0.0020634125244648653,0.007513249133198539
PHF20L1,0.6975350576222289,6.2740806818482335,12.959859387960078,0.002172161009198326,0.007870830854664196
CDIPT,0.9309166585345422,5.598178279994302,12.899603152077757,0.0021902186390048615,0.007917924998624107
C12orf65,0.8032144389608872,6.15855384102531,12.882981816615588,0.0021926469777452696,0.007917924998624107
RPL7,0.3114615392614286,12.955170434960479,12.938273972759218,0.0021970309640973523,0.007917924998624107
TBC1D15,1.1504753867163737,5.556376578497241,12.708063797018728,0.002276573722719552,0.008174008900019736
KLHDC2,0.6634476717547484,6.503258208898019,12.775225297604916,0.0023189578665688414,0.00831654066863333
EPB41L4A-AS1,0.6895698222034257,6.686157956172028,12.743137482420611,0.0023401132299106487,0.008382697276126687
RTN3,0.692880588896043,5.856916433535214,12.62928120057099,0.0023692490279078114,0.008447955923242715
RP11-347P5.1,0.8489391143483984,5.642503491833288,12.57904150184918,0.0024245483088742503,0.008615358227285654
NT5C3A,0.8496740490711012,5.832843540163886,12.537287575432606,0.002482609489043391,0.008801462048784988
RBPJ,0.8168554493701756,6.123608326969005,12.47995844577906,0.0025048342885158315,0.00887009396219279
CLEC2D,0.5181441458256202,8.052926752878562,12.448388395402368,0.002555451293976658,0.00901838284476369
ACAP1,0.6907741046987542,5.84841803310006,12.270585305123118,0.0025783525701792583,0.009088839640893855
ERGIC2,0.5858487056287438,6.643661400922876,12.410471606708514,0.0025818293678312332,0.009090741630759576
CLK4,0.8185760038087666,6.118627452518123,12.328620577069776,0.0026350778116753563,0.00923620138973412
JOSD1,0.9704280578264272,5.742371419567228,12.24669344690423,0.002671116232773394,0.009341361288625599
CD55,0.52581837185159,7.737066657935206,12.201340445449503,0.0027605703767523532,0.00963242989407952
RPS20,0.289321113358044,11.233948838854223,12.112745255192005,0.0028322958547606658,0.00984938839380254
MARCH7,0.6619793217398684,6.314907076270768,12.065729375548875,0.0028695755980995617,0.009967829939526536
SCAND1,0.5394500138746753,7.1948667376548645,12.058376447967822,0.0028870969487678148,0.010017449614838999
PPP1CB,0.8262212522337437,6.3031127968179375,12.05121151371979,0.002896465738222241,0.010027473668677669
SMEK2,0.7004267333786203,6.080142231857642,11.97783245265146,0.0029291146134702035,0.01012917288121819
CARD16,0.567428738318646,6.515820487070434,11.987394552973253,0.002943776949054114,0.010168515242547414
DGUOK,0.5435727862224363,7.931172059171795,11.97439654317461,0.002959437862033359,0.010195430649746668
PCSK7,0.7057982521944429,6.004749903329184,11.98014278757039,0.0029598501845311794,0.010195430649746668
TUBA1A,0.5153531333939544,7.089084406137602,11.97781198722398,0.0029614514229797267,0.010195430649746668
PTP4A2,0.5247478035288008,6.797600474923236,11.922808001925626,0.002976752843048817,0.010236722276928989
RPL21,0.2868962843423215,13.318087357844574,11.933324265704119,0.0029962382753120644,0.010269498850598937
UQCR11.1,0.3939787076425675,8.411957744537297,11.87756244700628,0.0030501780473375806,0.010398878595688452
ATPIF1,0.46899804856225424,7.600812482538941,11.873748756566377,0.003058436622283198,0.010413488829446092
LINC-PINT,0.7709707405812811,6.523286938554108,11.755040606634621,0.0031355434177464288,0.010664293272445271
GPN1,0.6621962121431818,5.905218509024743,11.710481975781303,0.0031579369629732043,0.010705164184449143
BATF,1.174701824343333,5.881867941430045,11.578588917939603,0.0032069515289740364,0.010859425582247968
CTD-3184A7.4,0.9191151265559334,5.441010317640523,11.42994549371112,0.0032212354066284248,0.010895872768868825
DNAJB6,0.49432135483520245,8.15703860281784,11.69750490899176,0.003229875349575037,0.010913170531588145
IFITM2,0.44731966117573646,7.6525044313791195,11.632493292983725,0.003299531248242057,0.011100053492727356
COX7C,0.36003444634743315,8.987038628251353,11.543865506412946,0.0033905444806299626,0.011369160528222897
CKLF,0.6525982745494493,6.63832790686108,11.54617480731688,0.003398486774386163,0.011383459487797808
TMEM50A,0.47953514055992774,8.10473122838729,11.426810694212495,0.0035211472804156144,0.011718226702028309
ADI1,0.5679849060952729,6.36474772949948,11.389363101908133,0.0035629006096937954,0.011844444024707086
ZNHIT3,0.5071203677597437,7.13126432606818,11.354989585076227,0.0036097127284301068,0.011974341794738672
SHISA5,0.7122596338343218,6.015257514624094,11.216913434448399,0.0036941446599092096,0.012241303771326557
MRPS6,0.5531235480972937,7.351881958082692,11.156571332061379,0.003846516927628331,0.01270541076948739
DGCR6L,0.8047373213880183,6.080212208454213,11.071069298115502,0.003940204441862625,0.013000994400388937
ARHGAP9,0.7867165880332736,6.304167840043729,11.007757953474677,0.004038347970407578,0.01331063574910698
EXOSC1,0.48170274389280543,6.888931578190635,10.972478941820121,0.004087921937697856,0.013431123563879899
SRSF11,0.5030825155872869,7.251718637078522,10.965217038765699,0.0040932666451664245,0.013434422340180364
TOX4,0.6108704191316024,6.280691061983554,10.877205438349936,0.004203985630895102,0.013754054468943278
MPHOSPH8,0.41670874241461814,7.249240700972185,10.863547493919722,0.004233598689009293,0.013836312505262684
UBE2B,0.40526668101937374,8.407462571457714,10.85078200624577,0.0042449645724976885,0.013858824210844247
STAT4,0.879689629318963,5.776568132519659,10.789236044970316,0.004308640326263347,0.013992908509742977
FAM162A,0.5407693143664972,7.086380223357264,10.807176719356715,0.004313492236966973,0.013993981628315286
C10orf118,0.8340151441179953,5.493466740813249,10.782899187280854,0.0043519309121332365,0.014103901751887296
RPAIN,0.5748628736542494,6.370511286997334,10.740903964583516,0.004409827208401644,0.014246779968687983
SC5D,0.8417964860021091,6.225512333663515,10.602888059556244,0.004469247451627347,0.014393674154824804
SYF2,0.3620081467401989,8.549228685610835,10.626758568935385,0.004570923517721245,0.01464819004824785
DEDD2,0.8091862852664272,5.7169709372671464,10.56778559445168,0.0046191509447545895,0.014753634854505112
LINC00493,0.4832800381533999,7.070018323853516,10.597026488111277,0.004625365804441879,0.01475825480901816
CWC25,0.5507538002772876,6.2894878792816336,10.56216636217512,0.004676895869205888,0.014907304547056873
SURF4,0.8776417410997583,6.185836720993042,10.534161644738655,0.004713369101521855,0.015008104289310846
POLR1D,0.494878371156269,7.041666528541291,10.53157773723737,0.004727328002201423,0.015027321512369636
SOCS3,0.9518708810426391,6.844035252972668,10.536866325417332,0.004729115073682722,0.015027321512369636
RABIF,0.7867747928002254,5.915606016038595,10.508534496071064,0.004758114792872555,0.015103964393785186
COMMD6,0.3452269426610005,9.002438565524976,10.497830162661742,0.004770970759099134,0.015129256659233422
RNF7,0.4583500236664434,7.44896775760602,10.444750143920333,0.00486166766569826,0.015401086412831232
VAMP8,0.3497554979220238,8.118518328620821,10.415576606349285,0.004904730720331649,0.015474150437743582
TOMM7,0.38281923130754336,8.855825106281142,10.352967657803923,0.0050080333194275585,0.015761467054061486
FGFR1OP2,0.7342634020714258,6.5151474866579875,10.351099492170311,0.005021262202037036,0.015761467054061486
SH3KBP1,0.5849719294229154,5.930126781495289,10.213191689240984,0.005095737132047186,0.015962860752718664
DDX18,0.42959480037126885,7.848502858598281,10.254348529818566,0.0051819525807402225,0.016200144684233322
MID1IP1,0.8049796275525145,5.914216815577165,10.144883666523933,0.00531079252357605,0.016504452085317766
TNFAIP8,0.5890064481025536,7.909690814782005,10.179455285790526,0.0053112873269714036,0.016504452085317766
YIPF6,0.8494724393609385,5.483269144896759,10.093338616896709,0.005378019754061149,0.016678327794408074
MED10,0.4237467143980144,7.690017231434575,10.088517859640064,0.005479037339888462,0.016974595162116905
EGLN2,0.538975005921341,6.273543938173695,10.031908702501756,0.005555095870167908,0.017158704309550573
GPR183,0.41427729915134587,9.123749110006045,10.021452341498918,0.005601767437313657,0.017270066055212856
TCEAL8,0.9047140258409059,6.140791957464465,9.97129227485084,0.005689304623280262,0.017468648620091676
BTF3,0.27206381240037386,10.633826949935996,9.941190922872762,0.005756993698559449,0.017641480690140095
MARCH5,0.6665635914108737,5.742213935159289,9.87919572913989,0.0058623923045806985,0.017928956702250257
RABGAP1L,0.6954102797597982,5.943876681272913,9.842175020381863,0.0059537580298845835,0.018136693998516522
MT2A,0.7800165845320136,5.8226664067920275,9.744289508418321,0.006040538613679207,0.018364898830390122
RPS29,0.34697933681550747,9.315498172656788,9.785944849368663,0.0060719666015902,0.018442332317881914
CHMP2A,0.4795971429093037,7.311975247545006,9.72360807357204,0.006211842427930734,0.018805400591215795
N4BP2L2,0.47122375959607216,7.235510137993159,9.722830842441251,0.006212190935837145,0.018805400591215795
KIAA1551,0.5885099471366042,6.511994237408665,9.697918572223374,0.006271707488959937,0.01893103321372166
MYEOV2,0.4389152639604958,7.360520455359306,9.69363062776017,0.006275683385227277,0.01893103321372166
SIKE1,0.7790011057116268,5.546329209565548,9.562266622179347,0.00630120533273574,0.018989513636628153
AKIRIN1,0.6006514202075811,6.695730306382015,9.634293345268034,0.006411654547558955,0.0192660881793155
COX14,0.42896879519681624,7.303737932693732,9.607764658165399,0.006467406299982021,0.01941476478995573
RFC1,0.7763065071927315,5.6054195100249435,9.569885320427458,0.0065452361223647705,0.019629366084030007
RAB27A,0.7868825537545965,5.778297592211795,9.526966891122198,0.006566226758982404,0.019673254423088617
DDIT3,0.5548196737279608,6.1565232505161145,9.51961323389903,0.006676447223604886,0.019964834934354705
MPC1,0.5742869535338572,6.212489991489719,9.485803675060884,0.006753723973238787,0.020156967885413737
PLEKHA1,0.6424165945474115,5.634818684586904,9.376041331648137,0.006815580577053429,0.020282905659596503
GUK1,0.3853397132133141,8.459271271185962,9.425356705541601,0.006881667990380501,0.020427335717870105
DNAJB9,0.4763611479791809,6.744985836276659,9.417436007123335,0.006913817646577116,0.02049642300398101
VDAC3,0.5766983145057609,6.9800916934198085,9.409903314083303,0.006931195985879942,0.020528279020381263
EIF4A2,0.3032271608353447,9.577623675446347,9.39788804587073,0.006947195784663993,0.020555995175463727
RNF113A,0.6933244821886925,5.958666701919963,9.371078211663564,0.0070246176448564325,0.020765225989332052
CHMP1B,0.5953508444465373,6.552155329635655,9.33750247038288,0.0070928312202188605,0.020946863193299022
ANAPC13,0.5856862155893146,5.957558527155187,9.254723783621648,0.007202327673246679,0.02120951869524117
UGP2,0.42763920698843066,7.520998571592093,9.29041080292307,0.007222994577209883,0.021250159901582306
SUCLG1,0.4811822707072148,6.718876830378061,9.16108667464312,0.00756403267125139,0.02204395585454148
UBC,0.2944649515378571,10.625185136729495,9.140014334623322,0.007607298408546031,0.022128372720347716
ARL6IP4,0.3507406860713171,7.836611738989755,9.101218837236283,0.007715826043148724,0.022422987421169296
RPL3,0.2782065575815395,13.529308639895678,9.068272966322711,0.007803310704319427,0.022614399903592163
RAB5A,0.675532497358995,5.934921377407547,9.054422966119088,0.007803622104968799,0.022614399903592163
HMOX2,0.6205234575785692,6.427291175659404,9.004533383946013,0.007815417185999676,0.022614399903592163
FLYWCH2,0.6733890789291707,5.464603629110313,9.040246220954282,0.007818225491710377,0.022614399903592163
CLK3,0.7277541252919015,5.815768211174574,8.970069625543127,0.00804458456056221,0.023225736207966453
RP11-139H15.1,0.7421259448176627,5.582096697980958,8.93613511800475,0.008102040224971544,0.023369817797098725
C18orf21,0.7080538738046758,5.468125512016747,8.931475961821468,0.008118146442128318,0.023394472289001066
FAM104A,0.6687471224353416,5.733016019516083,8.918112268451733,0.008227191702601175,0.023686658901907572
ADSS,0.4589813923262668,6.535663686317866,8.887651168691761,0.008334779865443889,0.023951851145356393
RNF115,0.5425752032773076,5.928384054675311,8.87342545673503,0.008343796063961711,0.02395551838400881
MTERFD2,0.6027618636305578,6.101011028771369,8.870612114772157,0.008354507682196146,0.02396404196144307
RPS18,0.26453750864655307,13.51642496636257,8.804071527112221,0.008576295734474831,0.024532010441958966
IRF3,0.663307084452819,6.233494628799433,8.786779463733946,0.008606831835535844,0.024596624682348512
CLTB,0.6481208181797409,6.779034997891518,8.78445289500018,0.008628411922613065,0.02463554880118767
PRPF38B,0.5708688944053858,7.0619022202916035,8.737549628207127,0.008797580012775277,0.025003223268631296
TUBA4A,0.5840280913289005,6.973807574309899,8.727627178993236,0.008829934391048707,0.02507215315623463
TPGS1,0.6745638127265524,6.2882755016173215,8.717877898571052,0.008881691781330463,0.025172926797818483
PQLC3,0.9209600384262616,5.354080088826232,8.518624599744284,0.009001585454106566,0.025442837425077462
SELK,0.47668105350656903,8.568375201028669,8.666652603853475,0.009014529843005856,0.02545617688330577
DNAJA2,0.4592929014734315,6.539960726223615,8.623020459498594,0.009154336971974276,0.025827413790574644
NCOA4,0.48334963419510385,6.364607795120023,8.614268434297015,0.00920479913532634,0.025923250100110994
UQCR10,0.36042034405068607,8.298075883069266,8.608765637566641,0.009205057143787393,0.025923250100110994
OAT,0.7086445674834972,5.376452495509417,8.527177106211829,0.00925761770436698,0.026023911712094283
BEX4,0.5479103049450257,6.595815814255959,8.532500449103292,0.009451108347089758,0.026543720811472597
MRPL10,0.6490130462929585,5.686189662594582,8.436424393989512,0.009563257429333352,0.026761556730367744
TDP2,0.6124419347395478,5.582687555910041,8.437406577056814,0.009591285574145403,0.026815744220397487
PIH1D1,0.49556986698021904,6.434996178646628,8.457743992797159,0.009676785903902484,0.02700599853253218
RPS25,0.26864575163938764,11.254342393366239,8.43492136074571,0.009805604995177247,0.02734085356763386
CD53,0.36745193314332897,8.56081212054527,8.374399890104781,0.010026486777131922,0.027906453754697212
SIRT7,0.6059642227390305,5.900703567464444,8.351387605865611,0.010103041161655602,0.02805437923544616
RPL17,0.31463742195427363,9.243339175892995,8.352524236190275,0.010106828060588843,0.02805437923544616
PPIL4,0.6098020215094911,5.811429368460618,8.322358102209497,0.010151302753218249,0.028152582456281793
FKBP8,0.4693481729217323,7.081931602925902,8.335028465556624,0.01018638278296661,0.0282245789733945
TRAF3IP3,0.6207870084057866,7.431048735284355,8.299496586134119,0.010314744100062568,0.02855468067056677
SKP1,0.3069898606427496,9.641266804450584,8.286128532507874,0.010356737997311249,0.028645311976477496
MRPL1,0.5576819809835977,5.767886401748003,8.216640313868536,0.010582138601667785,0.02924260622514446
HIST1H4C,0.5312391175355192,6.130039724629517,8.198090476203056,0.010726959996678814,0.029616361453809924
RILPL2,0.5624810479133832,6.577918360280099,8.173791299948034,0.01080999748889932,0.02981902159371069
CEP57,0.5855687730790259,6.427170416770428,8.116933231550187,0.011006777446213256,0.030253975307309083
MAGEH1,0.705482658977732,5.627874223600903,8.036090949717702,0.01120619721745944,0.030747500344004405
IL2RG,0.31655492409016,8.963013656775944,7.990081320603105,0.011560910295165146,0.03163662012691081
WBP2,0.5451468817459436,6.152811512574601,7.986399859553426,0.011592029549253837,0.03169375570224437
RBM3,0.3816014567380241,7.381941081484097,7.970638050101731,0.011653766272748948,0.031806355038940026
GYG1,0.5813121527148636,5.7763711901259915,7.914805671432023,0.011875168871885403,0.03236171072476886
ZNF331,0.563007122202839,6.394651278124097,7.921704764514273,0.011889279818815397,0.03236171072476886
IL10RA,0.5420252870643877,6.809490032588748,7.91832315942464,0.011894845631122133,0.03236171072476886
RPL30,0.2738723979935859,11.662952114032477,7.912948139743883,0.011899071665520827,0.03236171072476886
WDR33,0.522616611983265,6.504530063798674,7.889994743283426,0.012021509487709598,0.03263734374075544
S100A4,0.8155487642643344,6.973479028160271,7.850955500915749,0.012202096373721376,0.03306960444541827
PGRMC2,0.6303986242357489,5.671106820074078,7.8296251863512945,0.01223857250208781,0.033139441727000674
PFKFB3,0.7011917560206569,5.63864220736689,7.770124336933766,0.012379834427072649,0.03346339524173786
RNF34,0.582128748839642,6.060503653844549,7.780184732512126,0.012496094621655044,0.03370942489290169
TSC22D4,0.49524741510081016,6.199844661305298,7.779154021120297,0.012503528199370322,0.03370942489290169
RPL10,0.2388675185232572,13.657126522166472,7.738327618811233,0.01270907435814878,0.034174270320130734
YME1L1,0.5883792407294115,5.5444363030505635,7.684090589002908,0.012923370961073441,0.034690228208605636
G3BP2,0.4661035982609547,6.866947596766476,7.6487651792625755,0.013162700882417883,0.03524096819297867
RDH11,0.5830390163298211,6.134025411466709,7.638754078457295,0.013210150833916736,0.03530692299738541
SAR1B,0.5013388198419964,6.093948134974955,7.595196024154767,0.013339808482313725,0.03562269823361603
GPR18,0.684896997360573,5.587715359052486,7.484772108882185,0.013500554387319055,0.03602087571444179
ANKRD12,0.28438564961703405,8.468549597963861,7.576532529466646,0.013517041391623666,0.03603380112581847
ARL2BP,0.48712974828205824,6.862302624728492,7.577090583620524,0.013535155584803114,0.03605103832613222
MAPRE1,0.3857280270540504,6.878662352789113,7.540572218391305,0.013720933463844434,0.036483066211854404
PSMD6,0.4064035893276463,7.009583429434929,7.436309965306036,0.014277098435056873,0.037864284195802074
TAF1D,0.38029179345331693,6.978262231087331,7.406967682801962,0.014437619754600738,0.0382572201545285
ZNF430,0.7277126183637356,5.5693481060361165,7.374740674900153,0.014536159133827121,0.038445060442845944
GSPT1,0.4738488349515497,6.826761416492713,7.388183083416201,0.014545772464805365,0.038445060442845944
HIGD2A,0.4219009955060736,7.811491166422237,7.3438053302594755,0.014788113511422358,0.03895252027051251
ORMDL1,0.4186661828628407,7.246346834212926,7.342211896496928,0.014800904213711608,0.03895305998421549
TAOK3,0.6291084928833848,5.861791528843366,7.336981606223155,0.014834677082077545,0.03900877278592184
TMOD3,0.7130296197569718,5.690694261759911,7.292833101429772,0.014962108682512411,0.03927712160506863
C11orf58,0.26473314811447995,8.663969623452322,7.303629297662205,0.015012975266661963,0.03937725292399896
UXS1,0.575989285034853,6.226837930968004,7.260455641345414,0.015200601554723898,0.0398173494470256
NCBP2-AS2,0.5283749495907916,6.309782346335655,7.208036406820166,0.01540595972723997,0.04023750662937359
XRN1,0.5647829135384962,5.9681709173707205,7.169176857005566,0.01582349887032128,0.0412267644759166
LYRM5,0.6622112934888644,5.6433551712249646,7.118294440328049,0.01588978584789382,0.041326795965740654
MBIP,0.614174633335058,5.354139912657608,7.1017248363130765,0.01605897602339814,0.04166180284360205
ATF4,0.4049340672738659,6.661038600762397,7.105279875717602,0.016241968261797576,0.04206601821779372
DUSP11,0.3886599408744217,6.951338078677865,7.101936434610885,0.016258461914841208,0.042073528115747105
METTL9,0.36041181852990223,7.038691834222972,7.08451305332054,0.016364661833228968,0.04225029357001554
NECAP2,0.5935131827221205,6.856285734179934,7.079624206275916,0.016403194870423694,0.04229363214739406
DUSP2,0.7678079731750119,8.316862949836276,7.072994054824092,0.01642550754157275,0.04229363214739406
SRP9,0.31901922188185905,7.951635238602811,6.990708378524188,0.016967263036325623,0.0434715886568111
THUMPD1,0.5151996451897347,5.849051870116261,6.959731605798918,0.017089129060637913,0.043711449952623424
MAPKAPK5-AS1,0.7553525279773329,5.553713023201188,6.840364214688586,0.01726697466367717,0.04409347077894459
ATG12,0.41379755363773496,6.479468173609602,6.886663240922826,0.01768563116022508,0.045014003652053144
ZFAND2B,0.7246690163554697,5.386815595743902,6.786820681251174,0.017749745246939445,0.04514006700022809
PPBP,0.9918002799261607,7.724025138608046,6.87497126969046,0.01777331969350455,0.04516291005861788
PNKD,0.5429130077601751,5.862355739956812,6.821297235146668,0.01806867089296706,0.045778848221155896
RPL32,0.24145220373889464,12.980513209774392,6.824203435702731,0.0181179441127214,0.04585039822475284
RNF138,0.7235872433239734,5.558068804092873,6.732107169779724,0.018476581649482404,0.046605558439403456
EPC1,0.5163307282645564,6.549116699540957,6.770195428409875,0.01851781722455333,0.04667153445439133
RPS28,0.29181145814660525,10.591754522499773,6.766737195868229,0.018537231673317105,0.0466824507965146
ISY1,0.5766084219374429,5.6356677987722685,6.755052934028731,0.018569409762299392,0.04672546602789969
CCNI,0.3232707975307133,8.638496881336879,6.746030230795805,0.01869225208558518,0.04688210713523998
C19orf66,0.5994291160865588,6.0016199271297905,6.705093570047732,0.019003309969924,0.04758514915607992
PHF3,0.5555705401414526,5.669059963033513,6.699282038735067,0.019025263624294637,0.04760160947226508
NDUFA6,0.40144293527059566,7.416390279477392,6.695661526034543,0.019080191001839195,0.047700477504597986
NAE1,0.4727169450100716,6.2340403962886235,6.659508120278435,0.019283089518457995,0.04809118618825745
MAP2K1,0.48594869641769184,6.3257206931629755,6.665779023651493,0.01933422070472547,0.04817988170783038
NRBP1,0.5701279205299867,6.213226312310083,6.6638295535521355,0.01935209691975217,0.04818563150976104
PPDPF,0.26077458870724274,9.208192699629782,6.649860197762577,0.019424730699333884,0.04829648504023643
GGNBP2,0.4325103852155507,6.511384449303064,6.566018164178428,0.020085563781533908,0.049771673261687306
